{"count":1,"self":599.9998464,"total":604.3787648,"children":{"InitializeActuators":{"count":9,"self":0.0029744999999999997,"total":0.0029744999999999997,"children":null},"InitializeSensors":{"count":9,"self":0.0020265,"total":0.0020265,"children":null},"AgentSendState":{"count":29685,"self":0.0739169,"total":0.2368257,"children":{"CollectObservations":{"count":11531,"self":0.11847579999999999,"total":0.11847579999999999,"children":null},"WriteActionMask":{"count":11531,"self":0.0089550999999999988,"total":0.0089550999999999988,"children":null},"RequestDecision":{"count":11531,"self":0.0354779,"total":0.0354779,"children":null}}},"DecideAction":{"count":29685,"self":2.1608799999999997,"total":2.1608799,"children":null},"AgentAct":{"count":29685,"self":1.9751991999999998,"total":1.9751992999999999,"children":null}},"gauges":{"RL_Agent.CumulativeReward":{"count":11,"max":13.5330334,"min":1.35804129,"runningAverage":8.950036,"value":13.5330334,"weightedAverage":10.5331478}},"metadata":{"timer_format_version":"0.1.0","start_time_seconds":"1765303538","unity_version":"6000.1.12f1","command_line_arguments":"D:\\UnityHub\\6000.1.12f1\\Editor\\Unity.exe -projectpath D:\\UnityHub\\Unity\\HTN_Test -acceptSoftwareTermsForThisRunOnly -useHub -hubIPC -cloudEnvironment production -licensingIpc LicenseClient-New -hubSessionId 22798de8-381b-4e4f-9f84-d9f03dc32b1f -accessToken D8vc-wuRsk6htqIystvw3NLcRz_GUrfvsTpfYMsKEAQ009f","communication_protocol_version":"1.5.0","com.unity.ml-agents_version":"2.0.2","scene_name":"Game_tresures_test","end_time_seconds":"1765304143"}}