{"count":1,"self":940.9038336,"total":947.84121429999993,"children":{"InitializeActuators":{"count":14,"self":0.0029996999999999997,"total":0.0029996999999999997,"children":null},"InitializeSensors":{"count":14,"self":0.001001,"total":0.001001,"children":null},"AgentSendState":{"count":47115,"self":0.1339599,"total":0.3529483,"children":{"CollectObservations":{"count":17658,"self":0.15899049999999998,"total":0.15899049999999998,"children":null},"WriteActionMask":{"count":17658,"self":0.019996399999999998,"total":0.019996399999999998,"children":null},"RequestDecision":{"count":17658,"self":0.040001499999999995,"total":0.040001499999999995,"children":null}}},"DecideAction":{"count":47115,"self":3.1917644,"total":3.1917644,"children":null},"AgentAct":{"count":47115,"self":3.3876635999999998,"total":3.3876635999999998,"children":null}},"gauges":{"RL_Agent.CumulativeReward":{"count":10,"max":912.6624,"min":6.229998,"runningAverage":412.63678,"value":720.705444,"weightedAverage":510.753235}},"metadata":{"timer_format_version":"0.1.0","start_time_seconds":"1775770685","unity_version":"6000.1.12f1","command_line_arguments":"D:\\UnityHub\\6000.1.12f1\\Editor\\Unity.exe -projectpath D:\\UnityHub\\Unity\\HTN_Test -acceptSoftwareTermsForThisRunOnly -useHub -hubIPC -cloudEnvironment production -licensingIpc LicenseClient-New -hubSessionId 32ab6e0d-b972-4ab9-af62-545f69067bb5 -accessToken 6_DNTS46e6sAwgT1YqtIYIXv_Ir6wc1XuDunlrNEOow009f","communication_protocol_version":"1.5.0","com.unity.ml-agents_version":"2.0.2","scene_name":"Game_tresures_test","end_time_seconds":"1775771633"}}